sequence_number,timestamp,pm1,pm25,pm10,co2,temperature,DPS_tem,humidity,pressure,pressure_change_pa_per_sec,nox,tvoc,voc_raw,nox_raw,source_flag,station_id,station_name,line_id,line_name,gps_lat,gps_lng
7839,2026-08-14T12:05:58.000+01:00,1.0593079328536987,1.1242493391036987,1.1293690204620361,705.0,22.695507049560547,24.73705291748047,46.471351623535156,1017.9929809570312,,1.0,87.0,32202,16293,buffered,,,,,,
7840,2026-08-14T12:06:08.000+01:00,1.0013644695281982,1.058904767036438,1.0589048862457275,679.0,22.6874942779541,24.74755096435547,46.28366470336914,1017.9884643554688,,1.0,87.0,32171,16288,buffered,,,,,,
7841,2026-08-14T12:06:18.000+01:00,0.9337780475616455,0.9874346852302551,0.9874348640441895,656.0,22.738231658935547,24.74329376220703,46.082244873046875,1017.9854125976562,,1.0,85.0,32287,16275,buffered,,,,,,
7842,2026-08-14T12:06:28.000+01:00,0.9852635860443115,1.0418787002563477,1.0418788194656372,633.0,22.740901947021484,24.783843994140625,45.949493408203125,1017.9953002929688,,1.0,88.0,32158,16274,buffered,,,,,,
7843,2026-08-14T12:06:38.000+01:00,0.8889107704162598,0.9399892687797546,0.9399893879890442,598.0,22.780956268310547,24.80652618408203,45.76333236694336,1017.990478515625,,1.0,91.0,32246,16273,buffered,,,,,,
7844,2026-08-14T12:06:48.000+01:00,0.8232969045639038,0.8706050515174866,0.8706051707267761,597.0,22.804988861083984,24.845657348632812,45.75570297241211,1017.9913940429688,,1.0,96.0,32180,16267,buffered,,,,,,
7845,2026-08-14T12:06:58.000+01:00,7.108588218688965,7.685292720794678,7.896835803985596,664.0,29.833295822143555,31.52124786376953,42.551307678222656,1013.615966796875,,,,65529,0,buffered,,,,,,
7846,2026-08-14T12:07:08.000+01:00,6.959833145141602,7.488080978393555,7.649443626403809,671.0,29.71847152709961,31.573143005371094,43.691158294677734,1013.600341796875,,0.0,0.0,26455,16152,live,,,,,51.54085938706011,-0.008715065232728263
7847,2026-08-14T12:07:18.000+01:00,7.508286952972412,8.077736854553223,8.2512788772583,678.0,29.665063858032227,31.638076782226562,44.87678527832031,1013.6085815429688,0.0823974609375,0.0,0.0,27324,15865,live,,,,,51.54085938706011,-0.008715065232728263
7848,2026-08-14T12:44:53.000+01:00,13.302641868591309,14.067035675048828,14.067038536071777,755.0,27.235065460205078,28.809669494628906,46.99778747558594,1014.73291015625,,,,30047,0,buffered,,,,,,
7849,2026-08-14T12:45:03.000+01:00,14.545220375061035,15.393123626708984,15.408353805541992,767.0,27.208362579345703,28.98377227783203,47.667659759521484,1014.730224609375,,0.0,0.0,29280,16984,buffered,,,,,,
7850,2026-08-14T12:45:13.000+01:00,14.871851921081543,15.727745056152344,15.729418754577637,773.0,27.16563606262207,29.131492614746094,47.95147705078125,1014.724853515625,,0.0,0.0,30009,16917,buffered,,,,,,
7851,2026-08-14T12:45:23.000+01:00,13.953470230102539,14.777780532836914,14.806098937988281,771.0,27.146944046020508,29.318923950195312,48.178836822509766,1014.7255249023438,,0.0,0.0,30558,16963,buffered,,,,,,
7852,2026-08-14T12:45:33.000+01:00,13.763772010803223,14.58855152130127,14.631169319152832,767.0,27.173646926879883,29.518829345703125,48.0994873046875,1014.736572265625,,0.0,0.0,30814,17048,live,,,,,51.5166260760183,-0.17632003466772256
7853,2026-08-14T12:45:43.000+01:00,12.614034652709961,13.365508079528809,13.399019241333008,745.0,27.224384307861328,29.66712188720703,48.072021484375,1014.7546997070312,0.1812744140625,0.0,5.0,30902,17115,live,,,,,51.5167466526221,-0.17599687020318067
7854,2026-08-14T12:45:53.000+01:00,11.556313514709473,12.222981452941895,12.226279258728027,733.0,27.23239517211914,29.807479858398438,48.235294342041016,1014.7717895507812,0.1708984375,1.0,32.0,30926,17191,live,,,,,51.51678013802507,-0.1758326274932894
7855,2026-08-14T12:46:03.000+01:00,11.416629791259766,12.072927474975586,12.073280334472656,728.0,27.267108917236328,29.935928344726562,48.53437042236328,1014.766357421875,0.0543212890625,1.0,50.0,30972,17274,live,,,,,51.51678013802507,-0.1758326274932894
7856,2026-08-14T12:46:13.000+01:00,11.906259536743164,12.590445518493652,12.590487480163574,725.0,27.325857162475586,30.048492431640625,48.6884880065918,1014.7677612304688,0.0140380859375,1.0,59.0,31010,17358,live,,,,,51.51678013802507,-0.1758326274932894
7857,2026-08-14T12:46:23.000+01:00,11.915087699890137,12.605093002319336,12.611815452575684,719.0,27.3765926361084,30.162200927734375,48.74189376831055,1014.756591796875,0.1116943359375,1.0,55.0,31206,17449,live,,,,,51.516891141645225,-0.17612567091403453
7858,2026-08-14T12:46:33.000+01:00,12.827109336853027,13.590658187866211,13.623957633972168,714.0,27.491416931152344,30.262290954589844,48.42450714111328,1014.75830078125,0.01708984375,1.0,49.0,31266,17499,live,,,,,51.51687603676253,-0.17659191312853392
7859,2026-08-14T12:46:43.000+01:00,12.842698097229004,13.626317024230957,13.683727264404297,708.0,27.57419776916504,30.35161590576172,48.163578033447266,1014.4967041015625,,1.0,45.0,31395,17519,buffered,,,,,,
7860,2026-08-14T12:46:53.000+01:00,11.861991882324219,12.601974487304688,12.675376892089844,702.0,27.619592666625977,30.439796447753906,47.808040618896484,1014.153564453125,,1.0,42.0,31485,17483,buffered,,,,,,
7861,2026-08-14T12:47:03.000+01:00,11.180523872375488,11.892701148986816,11.980378150939941,688.0,27.713054656982422,30.529678344726562,47.46166229248047,1014.0713500976562,,1.0,43.0,31535,17429,buffered,,,,,,
7862,2026-08-14T12:47:13.000+01:00,10.471272468566895,11.086810111999512,11.104214668273926,666.0,27.777141571044922,30.65160369873047,47.04661560058594,1014.0703125,,1.0,48.0,31526,17437,buffered,,,,,,
7863,2026-08-14T12:47:23.000+01:00,10.798540115356445,11.420578002929688,11.422504425048828,650.0,27.84657096862793,30.74773406982422,46.611732482910156,1014.0828857421875,6.754150390625,1.0,56.0,31569,17408,live,,,,,51.51767858150207,-0.1771318386706894
7864,2026-08-14T12:47:33.000+01:00,11.481657981872559,12.14155387878418,12.141729354858398,634.0,27.950714111328125,30.85576629638672,46.27450942993164,1014.0820922851562,,1.0,61.0,31587,17343,buffered,,,,,,
7865,2026-08-14T12:47:43.000+01:00,11.849796295166016,12.530721664428711,12.530742645263672,608.0,28.00946044921875,30.961532592773438,46.048675537109375,1014.0923461914062,,1.0,65.0,31612,17299,buffered,,,,,,
7866,2026-08-14T12:47:53.000+01:00,11.785832405090332,12.463071823120117,12.463079452514648,586.0,28.089570999145508,31.054527282714844,45.76180648803711,1014.1101684570312,0.2728271484375,1.0,70.0,31604,17237,live,,,,,51.51758820106082,-0.1771083260039095
7867,2026-08-14T12:48:03.000+01:00,12.124387741088867,12.82108211517334,12.821089744567871,570.0,28.167009353637695,31.15802001953125,45.499351501464844,1014.1196899414062,0.09521484375,1.0,72.0,31686,17238,live,,,,,51.51774157725354,-0.1772731344606525
7868,2026-08-14T12:48:13.000+01:00,12.019533157348633,12.710201263427734,12.710209846496582,556.0,28.263141632080078,31.254714965820312,45.37117385864258,1014.141845703125,0.2215576171875,1.0,77.0,31639,17258,live,,,,,51.5178514047683,-0.1774135892134047
7869,2026-08-14T12:48:23.000+01:00,21.27471351623535,22.49720573425293,22.49721908569336,547.0,28.377965927124023,31.3516845703125,45.18043899536133,1014.134765625,0.07080078125,1.0,81.0,31659,17283,live,,,,,51.51793111143792,-0.177520559875628
7870,2026-08-14T12:48:33.000+01:00,16.973770141601562,17.949119567871094,17.94913101196289,541.0,28.50347137451172,31.459434509277344,44.98512268066406,1014.1505737304688,0.1580810546875,1.0,88.0,31644,17247,live,,,,,51.51801619281128,-0.1776343751500903
7871,2026-08-14T12:48:43.000+01:00,16.549619674682617,17.50059700012207,17.500608444213867,538.0,28.58091163635254,31.549606323242188,44.86152267456055,1014.1721801757812,,1.0,94.0,31639,17187,buffered,,,,,,
7872,2026-08-14T12:48:53.000+01:00,16.22015380859375,17.152198791503906,17.152210235595703,533.0,28.65300941467285,31.631271362304688,44.55176544189453,1014.1863403320312,,1.0,95.0,31666,17138,buffered,,,,,,
7873,2026-08-14T12:49:03.000+01:00,12.31461238861084,13.022236824035645,13.022245407104492,528.0,28.741130828857422,31.71435546875,44.310672760009766,1014.2131958007812,,1.0,97.0,31640,17066,buffered,,,,,,
7874,2026-08-14T12:49:13.000+01:00,12.811967849731445,13.548171043395996,13.548179626464844,524.0,28.829252243041992,31.80876922607422,44.260318756103516,1014.21533203125,,1.0,101.0,31614,17026,buffered,,,,,,
7875,2026-08-14T12:49:23.000+01:00,13.402183532714844,14.17230224609375,14.172310829162598,524.0,28.944076538085938,31.885040283203125,44.234378814697266,1014.2169799804688,,1.0,107.0,31590,16993,buffered,,,,,,
7876,2026-08-14T12:49:33.000+01:00,13.228017807006836,13.988128662109375,13.988137245178223,525.0,28.9627685546875,31.95196533203125,44.292362213134766,1014.212890625,,1.0,111.0,31568,16963,buffered,,,,,,
7877,2026-08-14T12:49:43.000+01:00,13.024165153503418,13.772562980651855,13.772570610046387,530.0,29.05889892578125,32.035888671875,44.324405670166016,1014.2168579101562,0.662841796875,1.0,109.0,31586,16927,live,940GZZLUPAH,Paddington (H&C Line)-Underground,,,,
7878,2026-08-14T12:49:53.000+01:00,12.741595268249512,13.473755836486816,13.473763465881348,536.0,29.122987747192383,32.09288787841797,44.185550689697266,1014.3963012695312,1.79443359375,1.0,108.0,31579,16904,live,940GZZLUPAH,Paddington (H&C Line)-Underground,,,,
7879,2026-08-14T12:50:03.000+01:00,12.100176811218262,12.795479774475098,12.795487403869629,547.0,29.23514175415039,32.17766571044922,44.03143310546875,1014.675048828125,2.7874755859375,1.0,110.0,31561,16878,live,940GZZLUPAH,Paddington (H&C Line)-Underground,,,,
7880,2026-08-14T12:50:14.000+01:00,12.305377960205078,13.012472152709961,13.012479782104492,554.0,29.304569244384766,32.253379821777344,43.886474609375,1014.722900390625,0.478515625,1.0,110.0,31553,16852,live,940GZZLUPAH,Paddington (H&C Line)-Underground,,,,
7881,2026-08-14T12:50:23.000+01:00,12.106643676757812,12.80231761932373,12.802325248718262,555.0,29.384679794311523,32.3265380859375,43.750667572021484,1014.7274169921875,0.045166015625,1.0,108.0,31578,16830,live,,,,,51.518386157924034,-0.17879327889889124
7882,2026-08-14T12:50:33.000+01:00,13.170815467834473,13.92763900756836,13.927647590637207,557.0,29.480812072753906,32.39430236816406,43.60265350341797,1014.72607421875,0.013427734375,1.0,104.0,31570,16792,live,940GZZLUPAH,Paddington (H&C Line)-Underground,,,,
7883,2026-08-14T12:50:43.000+01:00,13.470023155212402,14.244040489196777,14.244049072265625,560.0,29.57427406311035,32.450157165527344,43.39971160888672,1014.7269287109375,0.008544921875,1.0,105.0,31524,16780,live,940GZZLUPAH,Paddington (H&C Line)-Underground,,,,
7884,2026-08-14T12:50:53.000+01:00,13.195155143737793,13.953377723693848,13.953386306762695,561.0,29.611658096313477,32.471710205078125,43.2608528137207,1014.71875,0.081787109375,1.0,103.0,31600,16772,live,940GZZLUPAH,Paddington (H&C Line)-Underground,,,,
7885,2026-08-14T12:51:03.000+01:00,13.736222267150879,14.525535583496094,14.525544166564941,560.0,29.5849552154541,32.53351593017578,42.98924255371094,1014.7223510742188,0.0360107421875,1.0,96.0,31609,16766,live,940GZZLUPAH,Paddington (H&C Line)-Underground,,,,
7886,2026-08-14T12:51:13.000+01:00,13.302251815795898,14.066628456115723,14.06663703918457,560.0,29.6704044342041,32.59930419921875,42.72220993041992,1014.7190551757812,0.032958984375,1.0,95.0,31582,16744,live,940GZZLUPAH,Paddington (H&C Line)-Underground,,,,
7887,2026-08-14T12:51:23.000+01:00,12.686393737792969,13.415382385253906,13.415390014648438,559.0,29.745174407958984,32.647789001464844,42.569618225097656,1014.7135009765625,0.0555419921875,1.0,97.0,31565,16717,live,940GZZLUPAH,Paddington (H&C Line)-Underground,,,,
7888,2026-08-14T12:51:33.000+01:00,11.97490406036377,12.663008689880371,12.663016319274902,557.0,29.81727409362793,32.725486755371094,42.449073791503906,1014.7134399414062,0.0006103515625,1.0,97.0,31608,16690,live,940GZZLUPAH,Paddington (H&C Line)-Underground,,,,
7889,2026-08-14T12:51:44.000+01:00,12.662907600402832,13.390545845031738,13.390554428100586,556.0,29.921415328979492,32.781349182128906,42.25375747680664,1014.7075805664062,0.05859375,1.0,102.0,31545,16684,live,940GZZLUPAH,Paddington (H&C Line)-Underground,,,,
7890,2026-08-14T12:51:53.000+01:00,13.370148658752441,14.138426780700684,14.138435363769531,553.0,30.004196166992188,32.85052490234375,42.21408462524414,1014.6919555664062,0.15625,1.0,106.0,31549,16674,live,940GZZLUPAH,Paddington (H&C Line)-Underground,,,,
7891,2026-08-14T12:52:03.000+01:00,13.113420486450195,13.86694622039795,13.866954803466797,552.0,30.06828498840332,32.9097900390625,42.061492919921875,1014.6953735351562,0.0341796875,1.0,106.0,31547,16686,live,940GZZLUPAH,Paddington (H&C Line)-Underground,,,,
7892,2026-08-14T12:52:13.000+01:00,12.986441612243652,13.732670783996582,13.73267936706543,552.0,30.129701614379883,32.96593475341797,41.922637939453125,1014.6836547851562,0.1171875,1.0,108.0,31527,16669,live,940GZZLUPAH,Paddington (H&C Line)-Underground,,,,
7893,2026-08-14T12:52:23.000+01:00,12.954955101013184,13.69937515258789,13.699383735656738,551.0,30.16441535949707,33.034263610839844,41.82192611694336,1014.682861328125,0.0079345703125,1.0,108.0,31535,16661,live,940GZZLUPAH,Paddington (H&C Line)-Underground,,,,
7894,2026-08-14T12:52:33.000+01:00,12.838767051696777,13.57651138305664,13.576519012451172,548.0,30.24185562133789,33.09040832519531,41.586936950683594,1014.6688842773438,0.1397705078125,1.0,105.0,31557,16646,live,,,,,51.518369089723585,-0.17882534311907797
7895,2026-08-14T12:52:43.000+01:00,12.10953140258789,12.805371284484863,12.805379867553711,547.0,30.271228790283203,33.138336181640625,41.36262893676758,1014.6701049804688,0.01220703125,1.0,103.0,31541,16619,live,,,,,51.518369089723585,-0.17882534311907797
7896,2026-08-14T12:52:53.000+01:00,12.265267372131348,12.970056533813477,12.970064163208008,547.0,30.345998764038086,33.18284606933594,41.09712219238281,1014.6673583984375,0.0274658203125,1.0,105.0,31513,16587,live,,,,,51.51835699387752,-0.1787623498997775
7897,2026-08-14T12:53:03.000+01:00,11.45994758605957,12.118461608886719,12.11846923828125,548.0,30.38338279724121,33.24011993408203,40.86823654174805,1014.6710205078125,0.03662109375,1.0,107.0,31513,16574,live,,,,,51.51831083643764,-0.17864638315958667
7898,2026-08-14T12:53:13.000+01:00,11.644708633422852,12.313838958740234,12.313846588134766,559.0,30.447471618652344,33.301658630371094,40.6378288269043,1014.9699096679688,2.9888916015625,1.0,108.0,31479,16550,live,,,,,51.51828565787931,-0.17856951334294965
7899,2026-08-14T12:53:23.000+01:00,11.653078079223633,12.3226900100708,12.322697639465332,582.0,30.53826141357422,33.34674072265625,40.320438385009766,1015.1397705078125,1.6986083984375,1.0,113.0,31453,16533,live,,,,,51.51826541292809,-0.1786709250237524
7900,2026-08-14T12:53:33.000+01:00,10.766613960266113,11.385287284851074,11.385294914245605,615.0,30.554283142089844,33.39494323730469,40.201419830322266,1014.9962768554688,1.4349365234375,1.0,117.0,31413,16509,live,,,,,51.5180048933136,-0.1781388950454021
7901,2026-08-14T12:53:43.000+01:00,10.055548667907715,10.63336181640625,10.633368492126465,634.0,30.6130313873291,33.44456481933594,39.9481201171875,1014.964599609375,,1.0,120.0,31393,16490,buffered,,,,,,
7902,2026-08-14T12:53:54.000+01:00,9.987520217895508,10.56142520904541,10.561431884765625,654.0,30.65842628479004,33.485389709472656,39.826045989990234,1014.7266235351562,2.696533203125,1.0,118.0,31424,16474,live,,,,,51.517701218970004,-0.17774925540151898
7903,2026-08-14T12:54:03.000+01:00,9.338922500610352,9.875557899475098,9.875563621520996,665.0,30.685129165649414,33.51799774169922,39.758907318115234,1014.72509765625,0.0152587890625,1.0,131.0,31253,16453,live,,,,,,
7904,2026-08-14T12:54:13.000+01:00,9.379541397094727,9.918510437011719,9.918517112731934,707.0,30.711833953857422,33.552879333496094,39.681087493896484,1014.7135009765625,0.115966796875,1.0,143.0,31248,16451,live,,,,,,
7905,2026-08-14T12:54:24.000+01:00,9.838127136230469,10.403447151184082,10.403453826904297,744.0,30.722515106201172,33.59455871582031,39.47966766357422,1014.7762451171875,0.62744140625,1.0,140.0,31250,16435,live,,,,,,
7906,2026-08-14T12:54:33.000+01:00,10.924442291259766,11.55218505859375,11.552191734313965,782.0,30.786602020263672,33.63340759277344,39.29350662231445,1014.7271728515625,0.49072265625,1.0,128.0,31285,16410,live,,,,,,
7907,2026-08-14T12:54:44.000+01:00,12.63463306427002,13.36064624786377,13.360654830932617,802.0,30.783931732177734,33.6668701171875,39.12260437011719,1014.5531005859375,1.74072265625,1.0,113.0,31324,16395,live,,,,,,
7908,2026-08-14T12:54:54.000+01:00,13.27956771850586,14.042730331420898,14.04284954071045,827.0,30.831998825073242,33.69947814941406,39.01579284667969,1014.6771240234375,1.240234375,1.0,103.0,31363,16386,live,,,,,,
7909,2026-08-14T12:55:04.000+01:00,13.813323020935059,14.607073783874512,14.607090950012207,844.0,30.848020553588867,33.72272491455078,38.91813659667969,1014.5413818359375,1.357421875,1.0,98.0,31343,16379,live,,,,,,
7910,2026-08-14T12:55:13.000+01:00,13.950533866882324,14.752161979675293,14.75217056274414,847.0,30.858701705932617,33.74143981933594,38.81895065307617,1014.6062622070312,0.6488037109375,1.0,97.0,31350,16369,live,,,,,,
7911,2026-08-14T12:55:23.000+01:00,13.565995216369629,14.345527648925781,14.345536231994629,847.0,30.89875602722168,33.773475646972656,38.86930465698242,1014.5360107421875,0.7025146484375,1.0,97.0,31348,16358,live,,,,,,
7912,2026-08-14T12:55:33.000+01:00,13.325310707092285,14.091012001037598,14.091020584106445,847.0,30.912107467651367,33.804954528808594,38.82810592651367,1014.6635131835938,1.2750244140625,1.0,96.0,31350,16365,live,,,,,51.520149890079566,-0.16692347109293046
7913,2026-08-14T12:55:44.000+01:00,13.458684921264648,14.232049942016602,14.232059478759766,845.0,30.914777755737305,33.815162658691406,38.78385543823242,1014.3464965820312,3.170166015625,1.0,96.0,31379,16359,live,940GZZLUERC,Edgware Road (Circle Line),,,,
7914,2026-08-14T12:55:53.000+01:00,15.043828010559082,15.908279418945312,15.908288955688477,833.0,30.880064010620117,33.843231201171875,38.96086120605469,1014.3464965820312,0.0,1.0,92.0,31397,16353,live,940GZZLUERC,Edgware Road (Circle Line),,,,
7915,2026-08-14T12:56:04.000+01:00,15.93080997467041,16.846229553222656,16.84623908996582,802.0,30.901426315307617,33.860816955566406,39.22636795043945,1014.341064453125,0.0543212890625,1.0,90.0,31411,16360,live,940GZZLUERC,Edgware Road (Circle Line),,,,
7916,2026-08-14T12:56:14.000+01:00,16.03476333618164,16.98027801513672,17.010616302490234,760.0,30.928129196166992,33.86903381347656,39.2980842590332,1014.3323364257812,0.0872802734375,1.0,90.0,31421,16374,live,940GZZLUERC,Edgware Road (Circle Line),,,,
7917,2026-08-14T12:56:23.000+01:00,16.140165328979492,17.13128662109375,17.21135711669922,727.0,30.970855712890625,33.899375915527344,39.3163948059082,1014.335205078125,,1.0,89.0,31457,16375,buffered,,,,,,
7918,2026-08-14T12:56:33.000+01:00,15.637735366821289,16.598257064819336,16.676158905029297,693.0,31.016250610351562,33.9180908203125,39.37743377685547,1014.3362426757812,,1.0,91.0,31401,16374,live,940GZZLUERC,Edgware Road (Circle Line),,,,
7919,2026-08-14T12:56:44.000+01:00,14.691597938537598,15.546737670898438,15.5604887008667,654.0,31.040283203125,33.948997497558594,39.2858772277832,1014.3378295898438,0.015869140625,1.0,91.0,31470,16373,live,940GZZLUERC,Edgware Road (Circle Line),,,,
7920,2026-08-14T12:56:53.000+01:00,14.51045036315918,15.346956253051758,15.350362777709961,627.0,31.05096435546875,33.98643493652344,39.38658905029297,1014.3353881835938,0.0244140625,1.0,91.0,31454,16370,live,940GZZLUERC,Edgware Road (Circle Line),,,,
7921,2026-08-14T12:57:03.000+01:00,13.750529289245605,14.540935516357422,14.541282653808594,611.0,31.091020584106445,34.009117126464844,39.3713264465332,1014.3457641601562,0.103759765625,1.0,91.0,31472,16375,live,940GZZLUERC,Edgware Road (Circle Line),,,,
7922,2026-08-14T12:57:13.000+01:00,13.293950080871582,14.057872772216797,14.05791187286377,590.0,31.13908576965332,34.0516357421875,39.1973762512207,1014.3397827148438,0.059814453125,1.0,92.0,31459,16377,live,940GZZLUERC,Edgware Road (Circle Line),,,,
7923,2026-08-14T12:57:24.000+01:00,12.702367782592773,13.432273864746094,13.432282447814941,571.0,31.155107498168945,34.10608673095703,39.02647399902344,1014.3323974609375,0.0738525390625,1.0,91.0,31495,16365,live,940GZZLUERC,Edgware Road (Circle Line),,,,
7924,2026-08-14T12:57:33.000+01:00,12.526872634887695,13.246694564819336,13.246702194213867,561.0,31.165788650512695,34.14464569091797,38.84794235229492,1014.3201293945312,0.1226806640625,1.0,91.0,31514,16352,live,940GZZLUERC,Edgware Road (Circle Line),,,,
7925,2026-08-14T12:57:43.000+01:00,12.328479766845703,13.036901473999023,13.036910057067871,558.0,31.17112922668457,34.20164489746094,38.68925094604492,1014.3242797851562,0.04150390625,1.0,90.0,31508,16337,live,940GZZLUERC,Edgware Road (Circle Line),,,,
7926,2026-08-14T12:57:53.000+01:00,12.710065841674805,13.440413475036621,13.440422058105469,545.0,31.200504302978516,34.23851013183594,38.63126754760742,1014.325439453125,0.0115966796875,1.0,92.0,31498,16327,live,940GZZLUERC,Edgware Road (Circle Line),,,,
7927,2026-08-14T12:58:03.000+01:00,11.832777976989746,12.512715339660645,12.512722969055176,541.0,31.243228912353516,34.245018005371094,38.67856979370117,1014.3241577148438,0.0128173828125,1.0,95.0,31467,16320,live,940GZZLUERC,Edgware Road (Circle Line),,,,
7928,2026-08-14T12:58:14.000+01:00,11.824034690856934,12.503469467163086,12.503477096557617,535.0,31.275272369384766,34.26402282714844,38.62668991088867,1014.32568359375,0.0152587890625,1.0,96.0,31511,16326,live,940GZZLUERC,Edgware Road (Circle Line),,,,
7929,2026-08-14T12:58:23.000+01:00,11.621819496154785,12.289634704589844,12.289642333984375,533.0,31.334020614624023,34.309104919433594,38.510719299316406,1014.3242797851562,0.0140380859375,1.0,97.0,31494,16318,live,940GZZLUERC,Edgware Road (Circle Line),,,,
7930,2026-08-14T12:58:33.000+01:00,12.227058410644531,12.929652214050293,12.929659843444824,531.0,31.44884490966797,34.360992431640625,38.516822814941406,1014.324462890625,0.0018310546875,1.0,109.0,31258,16311,live,940GZZLUERC,Edgware Road (Circle Line),,,,
7931,2026-08-14T12:58:43.000+01:00,12.888116836547852,13.62869644165039,13.628704071044922,530.0,31.47821807861328,34.40040588378906,38.525978088378906,1014.3199462890625,0.045166015625,1.0,216.0,30808,16319,live,940GZZLUERC,Edgware Road (Circle Line),,,,
7932,2026-08-14T12:58:53.000+01:00,12.581974029541016,13.304962158203125,13.304969787597656,529.0,31.518272399902344,34.44634246826172,38.506141662597656,1014.31103515625,0.089111328125,1.0,246.0,30947,16306,live,940GZZLUERC,Edgware Road (Circle Line),,,,
7933,2026-08-14T12:59:03.000+01:00,12.562954902648926,13.284850120544434,13.284858703613281,528.0,31.574350357055664,34.50532531738281,38.492408752441406,1014.3143920898438,0.0335693359375,1.0,185.0,31175,16305,live,940GZZLUERC,Edgware Road (Circle Line),,,,
7934,2026-08-14T12:59:13.000+01:00,12.31237506866455,13.01987075805664,13.019878387451172,526.0,31.627756118774414,34.529144287109375,38.406959533691406,1014.3072509765625,0.0714111328125,1.0,131.0,31353,16314,live,940GZZLUERC,Edgware Road (Circle Line),,,,
7935,2026-08-14T12:59:24.000+01:00,13.767727851867676,14.558852195739746,14.558860778808594,523.0,31.670480728149414,34.58074951171875,38.27115249633789,1014.3146362304688,0.0738525390625,1.0,105.0,31402,16305,live,940GZZLUERC,Edgware Road (Circle Line),,,,
7936,2026-08-14T12:59:33.000+01:00,14.070663452148438,14.879194259643555,14.879203796386719,523.0,31.723888397216797,34.640296936035156,38.20401382446289,1014.3107299804688,0.0390625,1.0,102.0,31409,16303,live,940GZZLUERC,Edgware Road (Circle Line),,,,
7937,2026-08-14T12:59:43.000+01:00,13.346149444580078,14.113048553466797,14.113057136535645,523.0,31.790645599365234,34.70948028564453,38.048370361328125,1014.3167114257812,0.059814453125,1.0,101.0,31398,16300,live,940GZZLUERC,Edgware Road (Circle Line),,,,
7938,2026-08-14T12:59:53.000+01:00,13.102839469909668,13.855757713317871,13.855766296386719,522.0,31.814680099487305,34.74803924560547,37.932403564453125,1014.317138671875,0.0042724609375,1.0,99.0,31439,16291,live,940GZZLUERC,Edgware Road (Circle Line),,,,
7939,2026-08-14T13:00:04.000+01:00,13.531335830688477,14.308876037597656,14.308884620666504,521.0,31.87342643737793,34.79341125488281,37.924774169921875,1014.3180541992188,0.0091552734375,1.0,99.0,31378,16287,live,940GZZLUERC,Edgware Road (Circle Line),,,,
7940,2026-08-14T13:00:13.000+01:00,13.38176155090332,14.15070629119873,14.150714874267578,520.0,31.9615478515625,34.86231231689453,37.943084716796875,1014.3208618164062,0.028076171875,1.0,99.0,31405,16288,live,940GZZLUERC,Edgware Road (Circle Line),,,,
7941,2026-08-14T13:00:23.000+01:00,13.4335298538208,14.205450057983398,14.205458641052246,521.0,31.998931884765625,34.90229034423828,37.933929443359375,1014.31689453125,0.0396728515625,1.0,99.0,31399,16289,live,940GZZLUERC,Edgware Road (Circle Line),,,,
7942,2026-08-14T13:00:33.000+01:00,13.84489631652832,14.640454292297363,14.640462875366211,521.0,32.073699951171875,34.964393615722656,37.81490707397461,1014.3272705078125,0.103759765625,1.0,99.0,31390,16284,live,940GZZLUERC,Edgware Road (Circle Line),,,,
7943,2026-08-14T13:00:43.000+01:00,13.876025199890137,14.673371315002441,14.673380851745605,522.0,32.10040283203125,35.026206970214844,37.74166488647461,1014.33349609375,0.062255859375,1.0,101.0,31330,16278,live,940GZZLUERC,Edgware Road (Circle Line),,,,
7944,2026-08-14T13:00:53.000+01:00,13.008451461791992,13.755945205688477,13.755953788757324,521.0,32.14847183227539,35.07865905761719,37.74319076538086,1014.32958984375,0.0390625,1.0,117.0,31246,16272,live,940GZZLUERC,Edgware Road (Circle Line),,,,
7945,2026-08-14T13:01:04.000+01:00,12.641071319580078,13.367454528808594,13.367463111877441,521.0,32.20988845825195,35.139617919921875,37.75844955444336,1014.3272705078125,0.023193359375,1.0,136.0,31175,16277,live,940GZZLUERC,Edgware Road (Circle Line),,,,
7946,2026-08-14T13:01:13.000+01:00,12.967686653137207,13.712838172912598,13.712846755981445,522.0,32.25795364379883,35.18952941894531,37.74929428100586,1014.3245239257812,0.0274658203125,1.0,139.0,31176,16282,live,,,,,51.52022271053495,-0.16722982982805584
7947,2026-08-14T13:01:23.000+01:00,12.935803413391113,13.679122924804688,13.679131507873535,522.0,32.30067825317383,35.24681091308594,37.67605209350586,1014.3074951171875,0.1702880859375,1.0,126.0,31253,16282,live,,,,,51.52021364841225,-0.16714877131007352
7948,2026-08-14T13:01:34.000+01:00,13.418506622314453,14.189562797546387,14.18957233428955,527.0,32.34340286254883,35.291603088378906,37.64858627319336,1014.5633544921875,2.55859375,1.0,115.0,31249,16272,live,,,,,51.52021129126525,-0.16710415249748373
7949,2026-08-14T13:01:43.000+01:00,14.78378963470459,15.633298873901367,15.633308410644531,539.0,32.418174743652344,35.350303649902344,37.74471664428711,1014.7200927734375,1.5673828125,1.0,110.0,31218,16272,live,,,,,51.52033864104294,-0.16692221911095967
7950,2026-08-14T13:01:54.000+01:00,15.000578880310059,15.86254596710205,15.862555503845215,561.0,32.48760223388672,35.408424377441406,37.79201889038086,1014.6271362304688,0.9295654296875,1.0,110.0,31213,16271,live,,,,,51.52067667698604,-0.166217519894804
7951,2026-08-14T13:02:03.000+01:00,14.688633918762207,15.532674789428711,15.532684326171875,582.0,32.52765655517578,35.46287536621094,37.82101058959961,1014.709228515625,0.8209228515625,1.0,110.0,31200,16281,live,,,,,51.52075963032176,-0.16554856829750372
7952,2026-08-14T13:02:13.000+01:00,14.337356567382812,15.161212921142578,15.161221504211426,607.0,32.59441375732422,35.50965118408203,37.83321762084961,1014.6680297851562,0.4119873046875,1.0,112.0,31157,16276,live,,,,,51.520779104211385,-0.16534379110248407
7953,2026-08-14T13:02:23.000+01:00,13.566305160522461,14.345854759216309,14.345863342285156,627.0,32.626461029052734,35.56153869628906,37.969024658203125,1014.8111572265625,1.4312744140625,1.0,118.0,31112,16278,live,,,,,51.520779104211385,-0.16534379110248407
7954,2026-08-14T13:02:33.000+01:00,12.97412395477295,13.719645500183105,13.719654083251953,650.0,32.68520736694336,35.62420654296875,37.969024658203125,1014.2872924804688,5.2386474609375,1.0,126.0,31048,16289,live,,,,,,
7955,2026-08-14T13:02:44.000+01:00,13.296873092651367,14.060940742492676,14.060949325561523,669.0,32.71725082397461,35.672691345214844,38.080413818359375,1014.6797485351562,3.924560546875,1.0,134.0,31008,16276,live,,,,,,
7956,2026-08-14T13:02:54.000+01:00,13.734854698181152,14.524088859558105,14.52409839630127,686.0,32.75730514526367,35.729400634765625,38.15365982055664,1014.9500122070312,2.70263671875,1.0,143.0,30933,16281,live,,,,,,
7957,2026-08-14T13:03:03.000+01:00,14.231669425964355,15.049452781677246,15.049461364746094,703.0,32.80270004272461,35.775909423828125,38.23605728149414,1015.1408081054688,1.907958984375,1.0,148.0,30898,16292,live,,,,,,
7958,2026-08-14T13:03:13.000+01:00,14.67321491241455,15.516369819641113,15.516379356384277,722.0,32.86678695678711,35.83629608154297,38.28946304321289,1015.252197265625,1.1138916015625,1.0,149.0,30845,16281,live,,,,,,
7959,2026-08-14T13:03:24.000+01:00,14.860501289367676,15.714418411254883,15.714427947998047,747.0,32.90684509277344,35.87854766845703,38.29861831665039,1015.2676391601562,0.1544189453125,1.0,149.0,30806,16294,live,,,,,,
7960,2026-08-14T13:03:34.000+01:00,62.772003173828125,66.49041748046875,66.63054656982422,761.0,32.94422912597656,35.94206237792969,38.509193420410156,1015.0133666992188,2.542724609375,1.0,146.0,30792,16292,live,940GZZLUBST,Baker Street,,,,
7961,2026-08-14T13:03:44.000+01:00,71.05763244628906,76.48259735107422,78.16993713378906,766.0,32.95491027832031,35.998207092285156,39.02037048339844,1015.000732421875,0.1263427734375,1.0,130.0,30888,16298,live,940GZZLUBST,Baker Street,,,,
7962,2026-08-14T13:03:53.000+01:00,69.34709930419922,76.95149230957031,81.50294494628906,768.0,32.96559143066406,36.041595458984375,39.1973762512207,1014.9915771484375,0.091552734375,1.0,117.0,30975,16326,live,940GZZLUBST,Baker Street,,,,
7963,2026-08-14T13:04:03.000+01:00,69.04782104492188,79.12439727783203,86.80609130859375,767.0,33.01365661621094,36.08610534667969,39.50408172607422,1014.97802734375,0.135498046875,1.0,115.0,30986,16344,live,940GZZLUBST,Baker Street,,,,
7964,2026-08-14T13:04:13.000+01:00,65.9286117553711,78.40614318847656,89.332275390625,766.0,33.0323486328125,36.13658142089844,39.684139251708984,1014.9713134765625,0.067138671875,1.0,112.0,30988,16364,live,940GZZLUBST,Baker Street,,,,
7965,2026-08-14T13:04:24.000+01:00,64.21531677246094,77.88912200927734,90.44331359863281,765.0,33.059051513671875,36.179962158203125,39.763484954833984,1014.9699096679688,0.0140380859375,1.0,109.0,30983,16373,live,940GZZLUBST,Baker Street,,,,
7966,2026-08-14T13:04:33.000+01:00,64.78766632080078,81.15228271484375,97.04865264892578,764.0,33.101776123046875,36.21937561035156,39.774166107177734,1014.9240112304688,0.458984375,1.0,108.0,30974,16374,live,940GZZLUBST,Baker Street,,,,
7968,2026-08-14T13:04:53.000+01:00,66.85977935791016,85.29106140136719,103.63642883300781,762.0,33.139163970947266,36.300750732421875,39.932861328125,1014.9620361328125,0.3802490234375,1.0,106.0,31011,16396,live,940GZZLUBST,Baker Street,,,,
7970,2026-08-14T13:05:13.000+01:00,65.339111328125,85.2827377319336,105.63966369628906,759.0,33.2272834777832,36.361717224121094,39.90692138671875,1014.9389038085938,0.2313232421875,1.0,103.0,31078,16405,live,940GZZLUBST,Baker Street,,,,
7971,2026-08-14T13:05:24.000+01:00,64.33039855957031,83.2293472290039,102.34557342529297,757.0,33.245975494384766,36.40283203125,39.794002532958984,1014.9391479492188,0.00244140625,1.0,98.0,31106,16413,live,940GZZLUBST,Baker Street,,,,
7972,2026-08-14T13:05:33.000+01:00,58.63539505004883,74.35321044921875,89.88080596923828,753.0,33.256656646728516,36.435157775878906,39.671932220458984,1014.936279296875,0.0286865234375,1.0,95.0,31122,16411,live,940GZZLUBST,Baker Street,,,,
7973,2026-08-14T13:05:43.000+01:00,50.27467346191406,63.086875915527344,75.56492614746094,749.0,33.310062408447266,36.46862030029297,39.42321014404297,1014.9430541992188,0.0677490234375,1.0,92.0,31118,16418,live,940GZZLUBST,Baker Street,,,,
7974,2026-08-14T13:05:54.000+01:00,51.33867263793945,64.0388412475586,76.29914855957031,738.0,33.320743560791016,36.49980926513672,39.39879608154297,1014.945556640625,0.0250244140625,1.0,91.0,31131,16405,live,940GZZLUBST,Baker Street,,,,
7975,2026-08-14T13:06:04.000+01:00,47.44573974609375,58.90573501586914,69.88787078857422,726.0,33.35011672973633,36.52135467529297,39.22026443481445,1014.9539184570312,0.0836181640625,1.0,89.0,31186,16411,live,940GZZLUBST,Baker Street,,,,
7976,2026-08-14T13:06:13.000+01:00,47.57061767578125,58.758358001708984,69.38912200927734,664.0,33.320743560791016,36.51029968261719,39.15312576293945,1014.9652099609375,0.1129150390625,1.0,88.0,31179,16415,live,940GZZLUBST,Baker Street,,,,
7977,2026-08-14T13:06:24.000+01:00,48.993247985839844,60.549564361572266,71.5409927368164,663.0,33.32608413696289,36.52391052246094,39.33317947387695,1014.991943359375,0.267333984375,1.0,88.0,31184,16399,live,940GZZLUBST,Baker Street,,,,
7980,2026-08-14T13:06:53.000+01:00,46.96726989746094,57.89570236206055,68.24398803710938,658.0,33.414207458496094,36.59337615966797,39.42778778076172,1015.0595092773438,0.6756591796875,1.0,89.0,31217,16410,live,940GZZLUBST,Baker Street,,,,
7981,2026-08-14T13:07:03.000+01:00,45.470741271972656,55.50857925415039,64.8451156616211,655.0,33.424888610839844,36.61407470703125,39.46440887451172,1015.1884155273438,1.2890625,1.0,90.0,31199,16416,live,940GZZLUBST,Baker Street,,,,
7982,2026-08-14T13:07:14.000+01:00,44.71954345703125,54.27370834350586,63.05632781982422,654.0,33.28068923950195,36.63108825683594,39.53154754638672,1014.9703979492188,2.18017578125,1.0,90.0,31220,16415,live,940GZZLUBST,Baker Street,,,,
7983,2026-08-14T13:07:23.000+01:00,43.92728805541992,52.95342254638672,61.12932205200195,643.0,33.21927261352539,36.61492919921875,39.644466400146484,1014.9718017578125,0.0140380859375,1.0,89.0,31238,16405,live,940GZZLUBST,Baker Street,,,,
7984,2026-08-14T13:07:33.000+01:00,43.18273162841797,51.412086486816406,58.63987731933594,641.0,33.203250885009766,36.62201690673828,39.61394500732422,1014.943603515625,0.281982421875,1.0,89.0,31250,16408,live,940GZZLUBST,Baker Street,,,,
7985,2026-08-14T13:07:43.000+01:00,41.236202239990234,48.81173324584961,55.358036041259766,634.0,33.06439208984375,36.628822326660156,39.719234466552734,1014.9540405273438,0.1043701171875,1.0,89.0,31251,16397,live,940GZZLUBST,Baker Street,,,,
7986,2026-08-14T13:07:53.000+01:00,39.63617706298828,46.57756805419922,52.44208908081055,628.0,33.0537109375,36.597633361816406,39.742122650146484,1014.9276733398438,0.263671875,1.0,90.0,31264,16394,live,940GZZLUBST,Baker Street,,,,
7987,2026-08-14T13:08:03.000+01:00,37.636993408203125,44.147403717041016,49.61442184448242,620.0,33.06439208984375,36.509735107421875,39.668880462646484,1014.9378051757812,0.101318359375,1.0,90.0,31280,16388,live,940GZZLUBST,Baker Street,,,,
7988,2026-08-14T13:08:14.000+01:00,36.1915397644043,42.34358596801758,47.46442794799805,612.0,33.04570007324219,36.49413299560547,39.58800506591797,1014.89111328125,0.4669189453125,1.0,89.0,31342,16384,live,940GZZLUBST,Baker Street,,,,
7989,2026-08-14T13:08:23.000+01:00,35.213165283203125,41.211822509765625,46.21046829223633,610.0,33.09376525878906,36.50151062011719,39.50408172607422,1014.8764038085938,0.1470947265625,1.0,89.0,31265,16381,live,940GZZLUBST,Baker Street,,,,
7990,2026-08-14T13:08:34.000+01:00,34.210243225097656,39.792240142822266,44.339420318603516,601.0,33.13115310668945,36.52503967285156,39.38811492919922,1014.8621215820312,0.142822265625,1.0,90.0,31299,16380,live,940GZZLUBST,Baker Street,,,,
7992,2026-08-14T13:08:53.000+01:00,18.45572853088379,21.05009651184082,22.978857040405273,614.0,33.192569732666016,36.544891357421875,38.33981704711914,1014.8488159179688,0.133056640625,1.0,194.0,30667,16346,live,,,,,,
7993,2026-08-14T13:09:04.000+01:00,20.190017700195312,22.89265251159668,24.832242965698242,634.0,33.20859146118164,36.541770935058594,38.052947998046875,1014.87109375,0.2227783203125,1.0,234.0,30642,16321,live,,,,,,
7994,2026-08-14T13:09:14.000+01:00,22.46185302734375,25.402467727661133,27.477144241333008,658.0,33.23796463012695,36.55481719970703,37.946136474609375,1014.8847045898438,0.1361083984375,1.0,224.0,30688,16300,live,,,,,,
7995,2026-08-14T13:09:24.000+01:00,24.8749942779541,27.99349594116211,30.11750030517578,680.0,33.25131607055664,36.573814392089844,37.885101318359375,1014.8908081054688,0.06103515625,1.0,177.0,30857,16290,live,,,,,,
7996,2026-08-14T13:09:33.000+01:00,26.636762619018555,29.864675521850586,31.998960494995117,692.0,33.25131607055664,36.58714294433594,37.82558822631836,1015.140869140625,2.5006103515625,1.0,136.0,30918,16288,live,,,,,,
7997,2026-08-14T13:09:44.000+01:00,28.20640754699707,31.75275993347168,34.17405319213867,697.0,33.28602981567383,36.59876251220703,37.77981185913086,1015.027587890625,1.1328125,1.0,122.0,30937,16280,live,940GZZLUBST,Baker Street,,,,
7999,2026-08-14T13:10:03.000+01:00,31.289323806762695,35.344058990478516,38.18185043334961,708.0,33.32341384887695,36.6285400390625,37.71114730834961,1013.6768188476562,13.5076904296875,1.0,112.0,30962,16275,live,,,,,,
8000,2026-08-14T13:10:13.000+01:00,31.49225616455078,35.510093688964844,38.28683853149414,716.0,33.35812759399414,36.635345458984375,37.67147445678711,1013.9771118164062,3.0029296875,1.0,103.0,31020,16276,live,,,,,,
8001,2026-08-14T13:10:23.000+01:00,30.12240219116211,33.828792572021484,36.31287384033203,723.0,33.38750457763672,36.653778076171875,37.604331970214844,1014.4586181640625,4.8150634765625,1.0,96.0,31032,16274,live,,,,,,
8002,2026-08-14T13:10:33.000+01:00,29.778430938720703,33.22407150268555,35.405128479003906,728.0,33.39551544189453,36.66936492919922,37.598228454589844,1014.8079833984375,3.49365234375,1.0,93.0,31041,16266,live,,,,,,
8003,2026-08-14T13:10:43.000+01:00,30.38170051574707,33.75905227661133,35.81064987182617,734.0,33.41687774658203,36.68070983886719,37.72640609741211,1015.0211181640625,2.13134765625,1.0,93.0,31025,16268,live,,,,,,
8004,2026-08-14T13:10:53.000+01:00,30.8360652923584,34.28352355957031,36.39046096801758,741.0,33.422218322753906,36.69970703125,37.64553451538086,1014.6377563476562,3.8336181640625,1.0,94.0,31031,16273,live,,,,,,
8005,2026-08-14T13:11:04.000+01:00,50.60329055786133,56.79250717163086,60.91875076293945,747.0,33.432899475097656,36.720977783203125,37.569236755371094,1014.6416625976562,0.0390625,1.0,92.0,31091,16277,live,940GZZLUGPS,Great Portland Street,,,,
8006,2026-08-14T13:11:13.000+01:00,55.03083419799805,62.55305862426758,68.03559875488281,747.0,33.41687774658203,36.75358581542969,37.433433532714844,1014.7022705078125,0.6060791015625,1.0,88.0,31160,16281,live,940GZZLUGPS,Great Portland Street,,,,
8007,2026-08-14T13:11:23.000+01:00,53.62078094482422,61.90236282348633,68.4416275024414,745.0,33.37682342529297,36.751312255859375,37.28389358520508,1014.4003295898438,3.0194091796875,1.0,80.0,31199,16279,live,940GZZLUGPS,Great Portland Street,,,,
8008,2026-08-14T13:11:33.000+01:00,51.05034255981445,59.7021484375,66.89268493652344,735.0,33.392845153808594,36.77342987060547,37.19081497192383,1014.5513305664062,1.510009765625,1.0,77.0,31214,16279,live,940GZZLUGPS,Great Portland Street,,,,
8009,2026-08-14T13:11:43.000+01:00,47.84895706176758,56.318031311035156,63.510101318359375,712.0,33.41954803466797,36.771728515625,37.17250442504883,1014.5616455078125,0.1031494140625,1.0,78.0,31234,16284,live,940GZZLUGPS,Great Portland Street,,,,
8010,2026-08-14T13:11:54.000+01:00,47.9554443359375,56.70633316040039,64.24508666992188,695.0,33.424888610839844,36.78760528564453,37.16792678833008,1014.5808715820312,0.1922607421875,1.0,78.0,31234,16285,live,940GZZLUGPS,Great Portland Street,,,,
8011,2026-08-14T13:12:03.000+01:00,47.751895904541016,56.63713073730469,64.3595199584961,671.0,33.44892120361328,36.79271697998047,37.03669738769531,1014.473388671875,1.0748291015625,1.0,81.0,31245,16293,live,940GZZLUGPS,Great Portland Street,,,,
8012,2026-08-14T13:12:13.000+01:00,46.188209533691406,55.02134704589844,62.79121398925781,657.0,33.45960235595703,36.80122375488281,36.89479064941406,1014.7496948242188,2.7630615234375,1.0,82.0,31275,16289,live,940GZZLUGPS,Great Portland Street,,,,
8013,2026-08-14T13:12:23.000+01:00,44.13713836669922,52.579078674316406,60.00521469116211,645.0,33.478294372558594,36.82447052001953,36.7269401550293,1014.5621948242188,1.875,1.0,83.0,31271,16289,live,940GZZLUGPS,Great Portland Street,,,,
8014,2026-08-14T13:12:33.000+01:00,44.78864669799805,53.59701919555664,61.43684768676758,636.0,33.507667541503906,36.84148406982422,36.63996505737305,1014.5765380859375,0.1434326171875,1.0,84.0,31269,16278,live,940GZZLUGPS,Great Portland Street,,,,
8015,2026-08-14T13:12:43.000+01:00,45.04641342163086,54.21574020385742,62.490840911865234,629.0,33.51300811767578,36.859344482421875,36.6933708190918,1014.602783203125,0.262451171875,1.0,86.0,31262,16274,live,940GZZLUGPS,Great Portland Street,,,,
8016,2026-08-14T13:12:54.000+01:00,45.179161071777344,54.63294219970703,63.25614547729492,623.0,33.553062438964844,36.87579345703125,36.6811637878418,1014.5572509765625,0.455322265625,1.0,86.0,31247,16276,live,940GZZLUGPS,Great Portland Street,,,,
8017,2026-08-14T13:13:04.000+01:00,46.47695541381836,56.49636459350586,65.73705291748047,618.0,33.55573272705078,36.911521911621094,36.67658615112305,1014.513427734375,0.438232421875,1.0,87.0,31237,16280,live,940GZZLUGPS,Great Portland Street,,,,
8018,2026-08-14T13:13:13.000+01:00,47.469871520996094,57.6417121887207,67.00231170654297,609.0,33.55840301513672,36.922576904296875,36.74677658081055,1014.4166259765625,0.968017578125,1.0,87.0,31236,16274,live,940GZZLUGPS,Great Portland Street,,,,
8019,2026-08-14T13:13:23.000+01:00,49.41279602050781,60.263065338134766,70.33635711669922,603.0,33.539710998535156,36.948944091796875,36.7360954284668,1014.5181884765625,1.015625,1.0,88.0,31255,16286,live,940GZZLUGPS,Great Portland Street,,,,
8020,2026-08-14T13:13:34.000+01:00,48.440547943115234,59.24004364013672,69.31975555419922,601.0,33.57709503173828,36.966529846191406,36.7086296081543,1014.5361938476562,0.1800537109375,1.0,88.0,31230,16276,live,940GZZLUGPS,Great Portland Street,,,,
8021,2026-08-14T13:13:44.000+01:00,46.41675567626953,56.78508377075195,66.46885681152344,597.0,33.603797912597656,36.977874755859375,36.6536979675293,1014.5335083007812,0.02685546875,1.0,89.0,31284,16278,live,940GZZLUGPS,Great Portland Street,,,,
8022,2026-08-14T13:13:54.000+01:00,46.45472717285156,56.843788146972656,66.55087280273438,596.0,33.61981964111328,36.9974365234375,36.72236251831055,1014.4050903320312,1.2841796875,1.0,89.0,31241,16276,live,940GZZLUGPS,Great Portland Street,,,,
8023,2026-08-14T13:14:03.000+01:00,47.104469299316406,57.33502197265625,66.79585266113281,596.0,33.63584518432617,37.011329650878906,36.52857208251953,1014.8015747070312,3.96484375,1.0,90.0,31259,16284,live,940GZZLUGPS,Great Portland Street,,,,
8024,2026-08-14T13:14:13.000+01:00,47.85185623168945,58.43961715698242,68.29560089111328,596.0,33.66788864135742,37.037696838378906,36.57129669189453,1014.5162353515625,2.8533935546875,1.0,90.0,31261,16282,live,940GZZLUGPS,Great Portland Street,,,,
8025,2026-08-14T13:14:24.000+01:00,49.10809326171875,59.5583381652832,69.150634765625,596.0,33.69993209838867,37.053863525390625,36.51178741455078,1014.5076293945312,0.0860595703125,1.0,90.0,31257,16290,live,940GZZLUGPS,Great Portland Street,,,,
8026,2026-08-14T13:14:33.000+01:00,50.738609313964844,61.4056396484375,71.1527328491211,595.0,33.729305267333984,37.07115936279297,36.53772735595703,1014.4986572265625,0.0897216796875,1.0,90.0,31259,16285,live,940GZZLUGPS,Great Portland Street,,,,
8027,2026-08-14T13:14:43.000+01:00,51.06757354736328,62.328269958496094,72.7980728149414,594.0,33.761348724365234,37.085052490234375,36.51483917236328,1014.4597778320312,0.3887939453125,1.0,90.0,31245,16289,live,940GZZLUGPS,Great Portland Street,,,,
8028,2026-08-14T13:14:54.000+01:00,51.901615142822266,63.59049606323242,74.5384750366211,594.0,33.74532699584961,37.11766052246094,36.58502960205078,1014.384033203125,0.7574462890625,1.0,91.0,31239,16287,live,940GZZLUGPS,Great Portland Street,,,,
8029,2026-08-14T13:15:04.000+01:00,52.8719482421875,64.92582702636719,76.26264953613281,594.0,33.77737045288086,37.13750457763672,36.60028839111328,1014.47607421875,0.92041015625,1.0,91.0,31254,16291,live,940GZZLUGPS,Great Portland Street,,,,
8031,2026-08-14T13:15:23.000+01:00,30.768436431884766,37.07002258300781,42.770751953125,604.0,33.83344650268555,37.17578887939453,36.54993438720703,1014.88720703125,4.111328125,1.0,97.0,31155,16298,live,,,,,,
8032,2026-08-14T13:15:33.000+01:00,28.728429794311523,33.76716232299805,38.027320861816406,639.0,33.85213851928711,37.193939208984375,36.284427642822266,1014.40185546875,4.853515625,1.0,102.0,31145,16298,live,,,,,,
8033,2026-08-14T13:15:43.000+01:00,27.9279727935791,32.16164779663086,35.467323303222656,675.0,33.8654899597168,37.21009826660156,35.92889404296875,1014.2308349609375,1.710205078125,1.0,105.0,31148,16287,live,,,,,,
8034,2026-08-14T13:15:54.000+01:00,27.35950469970703,31.05039405822754,33.714630126953125,716.0,33.87083053588867,37.2222900390625,35.637447357177734,1015.1369018554688,9.0606689453125,1.0,106.0,31148,16281,live,,,,,,
8035,2026-08-14T13:16:03.000+01:00,28.273788452148438,31.728647232055664,34.030029296875,747.0,33.86281967163086,37.232215881347656,35.39788055419922,1015.2271118164062,0.902099609375,1.0,106.0,31153,16260,live,,,,,,
8036,2026-08-14T13:16:13.000+01:00,29.17145347595215,32.47761535644531,34.52714920043945,772.0,33.86014938354492,37.24213409423828,35.20256423950195,1015.2188110351562,0.0830078125,1.0,105.0,31157,16253,live,940GZZLUGPS,Great Portland Street,,,,
8037,2026-08-14T13:16:23.000+01:00,28.978586196899414,32.12743377685547,33.99308776855469,807.0,33.884185791015625,37.26652526855469,35.01792907714844,1014.805419921875,4.1339111328125,1.0,105.0,31151,16238,live,940GZZLUESQ,Euston Square,,,,
8038,2026-08-14T13:16:33.000+01:00,76.35204315185547,85.52159118652344,91.53498077392578,820.0,33.86014938354492,37.278717041015625,35.1338996887207,1014.8751831054688,0.6976318359375,1.0,105.0,31119,16232,live,940GZZLUESQ,Euston Square,,,,
8039,2026-08-14T13:16:43.000+01:00,79.36197662353516,92.14971923828125,102.49533081054688,823.0,33.83344650268555,37.255462646484375,35.706111907958984,1015.0697631835938,1.94580078125,1.0,106.0,31082,16228,live,940GZZLUESQ,Euston Square,,,,
8040,2026-08-14T13:16:53.000+01:00,75.65797424316406,89.74545288085938,101.99300384521484,824.0,33.80674362182617,37.25830078125,36.194400787353516,1014.9872436523438,0.8251953125,1.0,107.0,31097,16245,live,940GZZLUESQ,Euston Square,,,,
8042,2026-08-14T13:17:13.000+01:00,69.38809204101562,84.37078857421875,98.19706726074219,822.0,33.70527267456055,37.255462646484375,37.07331848144531,1013.8124389648438,11.748046875,1.0,107.0,31079,16289,live,940GZZLUESQ,Euston Square,,,,
8043,2026-08-14T13:17:23.000+01:00,70.54046630859375,87.0954818725586,102.81559753417969,819.0,33.6945915222168,37.261138916015625,37.27626419067383,1014.6695556640625,8.5711669921875,1.0,107.0,31090,16295,live,940GZZLUESQ,Euston Square,,,,
8044,2026-08-14T13:17:34.000+01:00,72.66551971435547,90.09733581542969,106.76643371582031,816.0,33.69993209838867,37.273895263671875,37.517356872558594,1014.3353881835938,3.3416748046875,1.0,107.0,31097,16305,live,940GZZLUESQ,Euston Square,,,,
8045,2026-08-14T13:17:43.000+01:00,72.84315490722656,90.9334945678711,108.41783142089844,812.0,33.73464584350586,37.29090881347656,37.63637924194336,1014.4968872070312,1.614990234375,1.0,107.0,31102,16309,live,940GZZLUESQ,Euston Square,,,,
8046,2026-08-14T13:17:54.000+01:00,64.47236633300781,80.1926040649414,95.3014907836914,804.0,33.739986419677734,37.273895263671875,37.886627197265625,1014.680419921875,1.8353271484375,1.0,107.0,31051,16313,live,,,,,,
8047,2026-08-14T13:18:03.000+01:00,49.17808532714844,60.13241195678711,70.353515625,802.0,33.761348724365234,37.29034423828125,37.78896713256836,1014.719970703125,0.3955078125,1.0,109.0,30991,16325,live,,,,,,
8048,2026-08-14T13:18:14.000+01:00,45.89669418334961,54.79154968261719,62.66008758544922,803.0,33.78805160522461,37.30622100830078,37.71114730834961,1015.0855712890625,3.656005859375,1.0,117.0,30955,16310,live,,,,,,
8049,2026-08-14T13:18:23.000+01:00,41.840301513671875,49.27983474731445,55.611473083496094,808.0,33.82009506225586,37.321250915527344,37.549400329589844,1015.3241577148438,2.3858642578125,1.0,120.0,30953,16301,live,,,,,,
8050,2026-08-14T13:18:33.000+01:00,41.94707489013672,48.98872756958008,54.812339782714844,809.0,33.84946823120117,37.32606506347656,37.23811721801758,1015.4337768554688,1.09619140625,1.0,119.0,30981,16298,live,,,,,,
8051,2026-08-14T13:18:43.000+01:00,41.11061096191406,47.73005294799805,53.083194732666016,826.0,33.83344650268555,37.34563446044922,36.7360954284668,1015.5022583007812,0.684814453125,1.0,118.0,30918,16283,live,,,,,,
8052,2026-08-14T13:18:53.000+01:00,42.888710021972656,49.591434478759766,54.92081832885742,850.0,33.83878707885742,37.36094665527344,36.267642974853516,1013.92431640625,15.7794189453125,1.0,119.0,30908,16253,live,940GZZLUESQ,Euston Square,,,,
8053,2026-08-14T13:19:03.000+01:00,43.93489074707031,50.66268539428711,55.9480094909668,861.0,33.8654899597168,37.360374450683594,35.96551513671875,1014.8501586914062,9.2584228515625,1.0,119.0,30887,16227,live,,,,,,
8055,2026-08-14T13:19:23.000+01:00,43.93164825439453,50.50780487060547,55.60267639160156,875.0,33.86014938354492,37.37909698486328,35.658809661865234,1015.5935668945312,7.43408203125,1.0,119.0,30854,16199,live,,,,,,
8056,2026-08-14T13:19:33.000+01:00,42.67771911621094,49.0715446472168,54.02776336669922,884.0,33.87350082397461,37.38617706298828,35.60997772216797,1015.9644775390625,3.7091064453125,1.0,119.0,30851,16184,live,,,,,,
8057,2026-08-14T13:19:44.000+01:00,43.018638610839844,48.840492248535156,53.05284118652344,891.0,33.90821838378906,37.389015197753906,35.50011444091797,1016.2019653320312,2.3748779296875,1.0,118.0,30831,16177,live,,,,,,
8058,2026-08-14T13:19:54.000+01:00,44.09342575073242,49.6070442199707,53.35414123535156,899.0,33.89753723144531,37.39440155029297,35.37804412841797,1016.2230224609375,0.2105712890625,1.0,117.0,30823,16170,live,,,,,,
8059,2026-08-14T13:20:03.000+01:00,44.747291564941406,50.0823860168457,53.557762145996094,915.0,33.88685607910156,37.389015197753906,35.42534637451172,1016.1057739257812,1.1724853515625,1.0,117.0,30823,16164,live,,,,,,
8060,2026-08-14T13:20:14.000+01:00,44.39107131958008,49.83586502075195,53.47492218017578,917.0,33.89219665527344,37.397804260253906,35.36125564575195,1015.8179931640625,2.8778076171875,1.0,116.0,30828,16163,live,940GZZLUKSX,King's Cross St. Pancras,,,,
8061,2026-08-14T13:20:23.000+01:00,47.013328552246094,53.14673614501953,57.46221160888672,921.0,33.85213851928711,37.39695739746094,35.710689544677734,1015.8372802734375,0.19287109375,1.0,116.0,30876,16166,live,940GZZLUKSX,King's Cross St. Pancras,,,,
8062,2026-08-14T13:20:34.000+01:00,49.32612609863281,56.522560119628906,62.00762176513672,923.0,33.84946823120117,37.40460968017578,36.284427642822266,1015.8347778320312,0.0250244140625,1.0,114.0,30831,16177,live,940GZZLUKSX,King's Cross St. Pancras,,,,
8063,2026-08-14T13:20:44.000+01:00,51.767845153808594,59.81281280517578,66.18843078613281,924.0,33.85480880737305,37.396385192871094,36.52246856689453,1015.68212890625,1.5264892578125,1.0,112.0,30889,16209,live,940GZZLUKSX,King's Cross St. Pancras,,,,
8064,2026-08-14T13:20:53.000+01:00,51.1588134765625,59.73532485961914,66.82334899902344,922.0,33.814754486083984,37.38533020019531,36.84748458862305,1015.7207641601562,0.3863525390625,1.0,109.0,30889,16230,live,940GZZLUKSX,King's Cross St. Pancras,,,,
8065,2026-08-14T13:21:03.000+01:00,50.73359298706055,60.26573181152344,68.58612823486328,922.0,33.79873275756836,37.39015197753906,37.30678176879883,1015.5903930664062,1.3037109375,1.0,105.0,30912,16239,live,940GZZLUKSX,King's Cross St. Pancras,,,,
8066,2026-08-14T13:21:13.000+01:00,52.663299560546875,63.718284606933594,73.81413269042969,920.0,33.739986419677734,37.32493591308594,37.77523422241211,1015.6310424804688,0.406494140625,1.0,102.0,30931,16267,live,940GZZLUKSX,King's Cross St. Pancras,,,,
8067,2026-08-14T13:21:23.000+01:00,56.24448013305664,70.42376708984375,84.18951416015625,917.0,33.675899505615234,37.292327880859375,38.25741958618164,1015.7933349609375,1.6229248046875,1.0,98.0,30970,16302,live,940GZZLUKSX,King's Cross St. Pancras,,,,
8068,2026-08-14T13:21:34.000+01:00,57.92848205566406,73.82080841064453,89.61892700195312,909.0,33.68124008178711,37.27758026123047,38.406959533691406,1015.7647705078125,0.28564453125,1.0,94.0,30979,16317,live,940GZZLUKSX,King's Cross St. Pancras,,,,
8069,2026-08-14T13:21:43.000+01:00,55.82536697387695,73.29837036132812,91.23603820800781,903.0,33.6945915222168,37.21520233154297,38.501564025878906,1015.8492431640625,0.8447265625,1.0,92.0,30973,16330,live,940GZZLUKSX,King's Cross St. Pancras,,,,
8070,2026-08-14T13:21:53.000+01:00,54.118709564208984,72.97187042236328,92.76832580566406,901.0,33.6945915222168,37.19847106933594,38.612953186035156,1015.9009399414062,0.5169677734375,1.0,93.0,30965,16348,live,940GZZLUKSX,King's Cross St. Pancras,,,,
8071,2026-08-14T13:22:03.000+01:00,53.678035736083984,72.49488830566406,92.27754211425781,895.0,33.72129440307617,37.19676971435547,38.66331100463867,1016.0719604492188,1.710205078125,1.0,94.0,30994,16355,live,940GZZLUKSX,King's Cross St. Pancras,,,,
8072,2026-08-14T13:22:13.000+01:00,52.773216247558594,69.14360046386719,85.91533660888672,891.0,33.7373161315918,37.20159149169922,38.70908737182617,1015.9708862304688,1.0107421875,1.0,94.0,30943,16364,live,,,,,,
8073,2026-08-14T13:22:24.000+01:00,43.65012741088867,55.45515823364258,67.14539337158203,890.0,33.739986419677734,37.197052001953125,38.457313537597656,1015.8226318359375,1.4825439453125,1.0,94.0,31001,16362,live,,,,,,
8074,2026-08-14T13:22:33.000+01:00,39.48166275024414,49.0505256652832,58.230106353759766,889.0,33.76935958862305,37.198753356933594,38.16586685180664,1015.9944458007812,1.7181396484375,1.0,93.0,31039,16355,live,,,,,,
8075,2026-08-14T13:22:43.000+01:00,38.171546936035156,46.44540786743164,54.091251373291016,888.0,33.782711029052734,37.207550048828125,37.978179931640625,1016.0014038085938,0.069580078125,1.0,92.0,31043,16342,live,,,,,,
8076,2026-08-14T13:22:53.000+01:00,38.80695724487305,46.25749969482422,52.82215118408203,886.0,33.81208419799805,37.211517333984375,37.878997802734375,1015.995849609375,0.0555419921875,1.0,90.0,31059,16337,live,,,,,,
8077,2026-08-14T13:23:03.000+01:00,37.77396774291992,44.050907135009766,49.21445083618164,883.0,33.8227653503418,37.21492004394531,37.611961364746094,1015.779541015625,2.1630859375,1.0,90.0,31074,16335,live,,,,,,
8078,2026-08-14T13:23:13.000+01:00,38.03178787231445,43.606021881103516,47.86732482910156,880.0,33.8227653503418,37.210662841796875,37.384605407714844,1015.865478515625,0.859375,1.0,91.0,31068,16319,live,,,,,,
8080,2026-08-14T13:23:34.000+01:00,37.91093826293945,42.7108268737793,46.00716781616211,879.0,33.857479095458984,37.21038055419922,36.93598937988281,1016.118408203125,2.529296875,1.0,91.0,31046,16293,live,,,,,51.53039826180392,-0.12009700559931183
8081,2026-08-14T13:23:44.000+01:00,35.89126205444336,40.225303649902344,43.08180618286133,880.0,33.8441276550293,37.21434783935547,36.8306999206543,1016.2167358398438,0.9832763671875,1.0,92.0,31106,16282,live,,,,,,
8082,2026-08-14T13:23:54.000+01:00,34.19432067871094,38.30650329589844,41.00664138793945,881.0,33.8654899597168,37.22002410888672,36.58045196533203,1016.3038940429688,0.87158203125,1.0,92.0,31062,16276,live,,,,,,
8083,2026-08-14T13:24:04.000+01:00,35.43516540527344,39.45801544189453,41.95615768432617,882.0,33.86281967163086,37.223426818847656,36.166934967041016,1015.5909423828125,7.1295166015625,1.0,92.0,31093,16269,live,,,,,,
8084,2026-08-14T13:24:13.000+01:00,36.572105407714844,40.524688720703125,42.85233688354492,881.0,33.84145736694336,37.22455596923828,35.849544525146484,1015.7821044921875,1.91162109375,1.0,92.0,31094,16241,live,,,,,,
8085,2026-08-14T13:24:24.000+01:00,36.0517463684082,39.98690414428711,42.33022689819336,881.0,33.86281967163086,37.23448181152344,35.648128509521484,1015.8040771484375,0.2197265625,1.0,93.0,31089,16212,live,,,,,,
8086,2026-08-14T13:24:34.000+01:00,35.91298294067383,40.07891082763672,42.722450256347656,881.0,33.868160247802734,37.235618591308594,35.42534637451172,1016.4291381835938,6.2506103515625,1.0,93.0,31102,16209,live,,,,,,
8089,2026-08-14T13:25:03.000+01:00,35.917579650878906,40.18072509765625,42.9461784362793,878.0,33.83344650268555,37.23590087890625,34.75547409057617,1016.5162353515625,0.8709716796875,1.0,93.0,31121,16173,live,,,,,51.521165749592406,-0.10522073301619855
8090,2026-08-14T13:25:13.000+01:00,33.48136901855469,37.3023796081543,39.68789291381836,877.0,33.85480880737305,37.22399139404297,34.613563537597656,1016.4861450195312,0.3009033203125,1.0,93.0,31118,16149,live,,,,,51.520643388999176,-0.10471112788114104
8091,2026-08-14T13:25:24.000+01:00,31.119165420532227,34.47147750854492,36.43831253051758,874.0,33.84946823120117,37.22541046142578,34.544898986816406,1016.0967407226562,3.89404296875,1.0,93.0,31131,16144,live,940GZZLUFCN,Farringdon,,,,
8092,2026-08-14T13:25:34.000+01:00,19.338645935058594,21.243337631225586,22.241065979003906,864.0,33.8441276550293,37.213783264160156,34.36941909790039,1016.1012573242188,0.045166015625,1.0,92.0,31231,16124,live,940GZZLUFCN,Farringdon,,,,
8093,2026-08-14T13:25:43.000+01:00,15.254091262817383,16.613784790039062,17.22134017944336,819.0,33.81208419799805,37.20442199707031,34.24429702758789,1016.0914916992188,0.09765625,1.0,86.0,31278,16114,live,940GZZLUFCN,Farringdon,,,,
8094,2026-08-14T13:25:54.000+01:00,14.88068675994873,16.092321395874023,16.54068374633789,795.0,33.82009506225586,37.20782470703125,34.19241714477539,1016.082275390625,0.0921630859375,1.0,79.0,31332,16089,live,940GZZLUFCN,Farringdon,,,,
8095,2026-08-14T13:26:04.000+01:00,14.308001518249512,15.414244651794434,15.77146053314209,744.0,33.77470016479492,37.199607849121094,34.053558349609375,1016.0879516601562,0.0567626953125,1.0,74.0,31350,16072,live,940GZZLUFCN,Farringdon,,,,
8098,2026-08-14T13:26:33.000+01:00,15.466838836669922,16.51996421813965,16.726655960083008,648.0,33.83344650268555,37.2047119140625,34.32516860961914,1016.1148681640625,0.2691650390625,1.0,82.0,31345,16047,live,940GZZLUFCN,Farringdon,,,,
8099,2026-08-14T13:26:43.000+01:00,15.43675422668457,16.469013214111328,16.651639938354492,617.0,33.85213851928711,37.20414733886719,34.29465103149414,1016.1341552734375,0.19287109375,1.0,81.0,31398,16051,live,940GZZLUFCN,Farringdon,,,,
8100,2026-08-14T13:26:54.000+01:00,15.52661418914795,16.556808471679688,16.730344772338867,603.0,33.85480880737305,37.19989013671875,34.114593505859375,1016.1013793945312,0.3277587890625,1.0,81.0,31427,16040,live,940GZZLUFCN,Farringdon,,,,
8101,2026-08-14T13:27:03.000+01:00,15.744282722473145,16.80813217163086,17.008258819580078,593.0,33.85480880737305,37.21832275390625,33.929962158203125,1016.1029052734375,0.0152587890625,1.0,81.0,31410,16035,live,940GZZLUFCN,Farringdon,,,,
8102,2026-08-14T13:27:13.000+01:00,14.80052375793457,15.79810905456543,15.983107566833496,584.0,33.857479095458984,37.223426818847656,33.77584457397461,1016.10205078125,0.008544921875,1.0,83.0,31438,16014,live,940GZZLUFCN,Farringdon,,,,
8103,2026-08-14T13:27:24.000+01:00,13.97736930847168,14.842037200927734,14.919380187988281,574.0,33.894866943359375,37.23419952392578,33.68581771850586,1016.1136474609375,0.115966796875,1.0,84.0,31384,15995,live,940GZZLUFCN,Farringdon,,,,
8104,2026-08-14T13:27:33.000+01:00,13.697837829589844,14.500310897827148,14.519640922546387,565.0,33.916229248046875,37.253761291503906,33.62936019897461,1016.0935668945312,0.2008056640625,1.0,84.0,31384,15995,live,940GZZLUFCN,Farringdon,,,,
8105,2026-08-14T13:27:44.000+01:00,13.285240173339844,14.071023941040039,14.099184036254883,552.0,33.94293212890625,37.261138916015625,33.62783432006836,1016.0973510742188,0.037841796875,1.0,85.0,31387,15986,live,940GZZLUFCN,Farringdon,,,,
8106,2026-08-14T13:27:53.000+01:00,22.748207092285156,24.10607147216797,24.16983985900879,545.0,33.92156982421875,37.25093078613281,33.67818832397461,1016.0870971679688,0.1025390625,1.0,85.0,31371,15988,live,,,,,51.52064548109298,-0.10522281958619827
8107,2026-08-14T13:28:04.000+01:00,26.262611389160156,27.861705780029297,27.974876403808594,547.0,33.92958068847656,37.27503204345703,33.566795349121094,1016.3729858398438,2.85888671875,1.0,87.0,31343,15990,live,,,,,51.52064548109298,-0.10522281958619827
8108,2026-08-14T13:28:13.000+01:00,27.996118545532227,29.778812408447266,29.997600555419922,560.0,33.96696472167969,37.284950256347656,33.519493103027344,1016.395751953125,0.2276611328125,1.0,92.0,31315,15977,live,,,,,51.520688817100904,-0.10525794887692545
8109,2026-08-14T13:28:23.000+01:00,27.257205963134766,29.043907165527344,29.321125030517578,608.0,33.99900817871094,37.303955078125,33.376060485839844,1016.1537475585938,2.4200439453125,1.0,102.0,31289,15980,live,,,,,51.52065436217452,-0.10510568074459054
8110,2026-08-14T13:28:33.000+01:00,25.633352279663086,27.370874404907227,27.703575134277344,672.0,34.01502990722656,37.32493591308594,33.26161575317383,1015.981201171875,1.7254638671875,1.0,109.0,31268,15977,live,,,,,51.52016697483329,-0.10313247029576027
8111,2026-08-14T13:28:43.000+01:00,26.7027587890625,28.638389587402344,29.142934799194336,702.0,34.02571105957031,37.33372497558594,33.20515823364258,1015.9306030273438,0.5059814453125,1.0,116.0,31216,15975,live,,,,,51.52012858619641,-0.10269728391608834
8112,2026-08-14T13:28:54.000+01:00,26.69236183166504,28.712875366210938,29.324907302856445,739.0,34.02838134765625,37.35498809814453,33.11665344238281,1016.0234985351562,0.928955078125,1.0,118.0,31236,15969,live,,,,,51.52011519451573,-0.09874062074541606
8113,2026-08-14T13:29:04.000+01:00,25.47826385498047,27.50239372253418,28.20669174194336,797.0,34.0177001953125,37.368316650390625,33.18379592895508,1015.9868774414062,0.3662109375,1.0,121.0,31230,15959,live,,,,,51.520122364528355,-0.1025438903508322
8114,2026-08-14T13:29:13.000+01:00,25.392925262451172,27.487211227416992,28.28589630126953,824.0,34.06309509277344,37.389869689941406,33.15785598754883,1015.7355346679688,2.513427734375,1.0,120.0,31214,15970,live,940GZZLUBBN,Barbican,,,,
8115,2026-08-14T13:29:24.000+01:00,24.83799934387207,26.91145133972168,27.72403335571289,828.0,34.04173278808594,37.42616271972656,33.31196975708008,1015.7518920898438,0.16357421875,1.0,116.0,31266,15971,live,940GZZLUBBN,Barbican,,,,
8116,2026-08-14T13:29:34.000+01:00,24.05864715576172,26.1749324798584,27.097688674926758,818.0,34.03639221191406,37.446014404296875,33.615623474121094,1015.7616577148438,0.09765625,1.0,113.0,31282,15977,live,940GZZLUBBN,Barbican,,,,
8117,2026-08-14T13:29:44.000+01:00,24.098892211914062,26.341733932495117,27.420717239379883,792.0,34.04173278808594,37.45111846923828,33.78957748413086,1015.76513671875,0.0347900390625,1.0,112.0,31307,15990,live,940GZZLUBBN,Barbican,,,,
8118,2026-08-14T13:29:54.000+01:00,22.722986221313477,24.961715698242188,26.134946823120117,748.0,34.076446533203125,37.46075439453125,33.72549057006836,1015.76416015625,0.009765625,1.0,109.0,31355,16000,live,940GZZLUBBN,Barbican,,,,
8119,2026-08-14T13:30:04.000+01:00,21.48000144958496,23.630292892456055,24.782133102416992,722.0,34.08445739746094,37.48230743408203,33.76211166381836,1015.7429809570312,0.2117919921875,1.0,104.0,31335,15996,live,940GZZLUBBN,Barbican,,,,
8120,2026-08-14T13:30:13.000+01:00,18.400005340576172,20.155616760253906,21.033710479736328,680.0,34.07911682128906,37.46642303466797,33.458457946777344,1015.7430419921875,0.0006103515625,1.0,96.0,31433,16006,live,940GZZLUBBN,Barbican,,,,
8121,2026-08-14T13:30:24.000+01:00,15.270294189453125,16.635604858398438,17.249052047729492,649.0,34.0604248046875,37.491943359375,33.24635696411133,1015.748291015625,0.052490234375,1.0,86.0,31442,15998,live,940GZZLUBBN,Barbican,,,,
8122,2026-08-14T13:30:34.000+01:00,14.528148651123047,15.737540245056152,16.20855140686035,617.0,34.09513854980469,37.53617858886719,33.17158889770508,1015.7229614257812,0.2532958984375,1.0,83.0,31396,15984,live,940GZZLUBBN,Barbican,,,,
8123,2026-08-14T13:30:43.000+01:00,13.72537899017334,14.769163131713867,15.089935302734375,594.0,33.996337890625,37.53929901123047,33.02815246582031,1015.7335205078125,0.1055908203125,1.0,78.0,31498,15982,live,940GZZLUBBN,Barbican,,,,
8124,2026-08-14T13:30:53.000+01:00,13.317513465881348,14.23037338256836,14.415987014770508,578.0,33.996337890625,37.54894256591797,32.82368087768555,1015.7347412109375,0.01220703125,1.0,76.0,31456,15958,live,940GZZLUBBN,Barbican,,,,
8125,2026-08-14T13:31:04.000+01:00,12.867803573608398,13.622464179992676,13.641645431518555,563.0,34.044403076171875,37.560279846191406,32.74128341674805,1015.7379760742188,0.0323486328125,1.0,79.0,31436,15946,live,940GZZLUBBN,Barbican,,,,
8126,2026-08-14T13:31:13.000+01:00,12.168167114257812,12.86892032623291,12.870868682861328,557.0,34.03639221191406,37.582115173339844,32.75043869018555,1015.7203979492188,0.17578125,1.0,81.0,31424,15946,live,940GZZLUBBN,Barbican,,,,
8127,2026-08-14T13:31:24.000+01:00,12.136377334594727,12.833922386169434,12.834131240844727,548.0,34.06309509277344,37.61046600341797,32.59174346923828,1015.7190551757812,0.013427734375,1.0,82.0,31467,15953,live,940GZZLUBBN,Barbican,,,,
8128,2026-08-14T13:31:33.000+01:00,12.346921920776367,13.056417465209961,13.056446075439453,538.0,34.05775451660156,37.62322998046875,32.47577667236328,1015.7308349609375,0.1177978515625,1.0,83.0,31450,15956,live,940GZZLUBBN,Barbican,,,,
8129,2026-08-14T13:31:43.000+01:00,11.750049591064453,12.425233840942383,12.425241470336914,534.0,34.10581970214844,37.64733123779297,32.47272491455078,1015.734619140625,0.037841796875,1.0,84.0,31434,15957,live,940GZZLUBBN,Barbican,,,,
8130,2026-08-14T13:31:54.000+01:00,12.095182418823242,12.790197372436523,12.790205955505371,527.0,34.15388870239258,37.673133850097656,32.56885528564453,1015.7415771484375,0.069580078125,1.0,84.0,31414,15970,live,940GZZLUBBN,Barbican,,,,
8131,2026-08-14T13:32:03.000+01:00,11.947989463806152,12.634547233581543,12.634554862976074,523.0,34.199283599853516,37.69468688964844,32.57648468017578,1015.80078125,0.592041015625,1.0,85.0,31443,15979,live,940GZZLUBBN,Barbican,,,,
8132,2026-08-14T13:32:13.000+01:00,11.863341331481934,12.54666519165039,12.548723220825195,521.0,34.231327056884766,37.716796875,32.67414474487305,1015.7545166015625,0.462646484375,1.0,90.0,31383,15990,live,940GZZLUBBN,Barbican,,,,
8133,2026-08-14T13:32:23.000+01:00,12.474590301513672,13.19158935546875,13.191823959350586,520.0,34.242008209228516,37.74317169189453,32.6451530456543,1015.7341918945312,0.2032470703125,1.0,97.0,31352,16003,live,940GZZLUBBN,Barbican,,,,
8135,2026-08-14T13:32:43.000+01:00,23.075223922729492,24.44240379333496,24.4942569732666,526.0,34.35149002075195,37.80980682373047,33.30434036254883,1015.7246704101562,0.09521484375,1.0,157.0,31173,16014,live,,,,,51.52020819835599,-0.0984348677058986
8136,2026-08-14T13:32:54.000+01:00,23.04314422607422,24.44341278076172,24.539194107055664,543.0,34.39421844482422,37.84893798828125,33.78652572631836,1015.9349975585938,2.103271484375,1.0,187.0,31103,16045,live,,,,,51.52032689969595,-0.09840323105618404
8137,2026-08-14T13:33:03.000+01:00,22.419395446777344,23.796058654785156,23.907222747802734,572.0,34.45563507080078,37.88551330566406,34.26260757446289,1016.1199340820312,1.849365234375,1.0,220.0,30996,16074,live,,,,,51.52056027922425,-0.09780275713582741
8138,2026-08-14T13:33:13.000+01:00,21.81582260131836,23.18109130859375,23.32154655456543,599.0,34.485008239746094,37.92266082763672,34.64255905151367,1015.655029296875,4.6490478515625,1.0,252.0,30945,16098,live,,,,,51.520814243180965,-0.09744151611364175
8139,2026-08-14T13:33:23.000+01:00,21.150529861450195,22.48212242126465,22.628292083740234,631.0,34.506370544433594,37.94590759277344,35.11863708496094,1015.7791137695312,1.2408447265625,1.0,280.0,30871,16122,live,,,,,51.520814243180965,-0.09744151611364175
8141,2026-08-14T13:33:43.000+01:00,21.920358657836914,23.358619689941406,23.58329963684082,657.0,34.581138610839844,38.009422302246094,35.703060150146484,1016.17431640625,3.9520263671875,1.0,328.0,30736,16162,live,,,,,,
8142,2026-08-14T13:33:53.000+01:00,22.62672996520996,24.14453125,24.41819190979004,678.0,34.589149475097656,38.04401397705078,36.221866607666016,1016.2315063476562,0.5718994140625,1.0,340.0,30724,16168,live,,,,,,
8143,2026-08-14T13:34:03.000+01:00,22.463924407958984,23.991443634033203,24.289077758789062,693.0,34.61852264404297,38.07350158691406,36.7330436706543,1015.823486328125,4.0802001953125,1.0,348.0,30695,16194,live,940GZZLUMGT,Moorgate,,,,
8144,2026-08-14T13:34:14.000+01:00,58.89780044555664,63.980186462402344,66.11534881591797,699.0,34.621192932128906,38.10015869140625,36.66132736206055,1015.8157958984375,0.076904296875,1.0,341.0,30769,16231,live,940GZZLUMGT,Moorgate,,,,
8145,2026-08-14T13:34:23.000+01:00,59.891849517822266,67.67576599121094,73.13613891601562,699.0,34.63454818725586,38.12652587890625,36.253910064697266,1015.806640625,0.091552734375,1.0,309.0,30859,16211,live,940GZZLUMGT,Moorgate,,,,
8146,2026-08-14T13:34:33.000+01:00,59.455230712890625,71.06339263916016,81.36408996582031,697.0,34.63454818725586,38.142127990722656,35.9700927734375,1015.8204956054688,0.1385498046875,1.0,266.0,30953,16195,live,940GZZLUMGT,Moorgate,,,,
8147,2026-08-14T13:34:43.000+01:00,60.469581604003906,75.7682113647461,90.63617706298828,697.0,34.623863220214844,38.15290069580078,35.741207122802734,1015.8541259765625,0.3363037109375,1.0,223.0,31017,16184,live,940GZZLUMGT,Moorgate,,,,
8148,2026-08-14T13:34:53.000+01:00,60.98521041870117,77.8254165649414,94.59455871582031,694.0,34.650569915771484,38.184654235839844,35.61913299560547,1015.85302734375,0.010986328125,1.0,188.0,31041,16172,live,940GZZLUMGT,Moorgate,,,,
8149,2026-08-14T13:35:03.000+01:00,59.4256706237793,77.2979507446289,95.4775619506836,689.0,34.64522933959961,38.19401550292969,35.45586395263672,1015.803955078125,0.49072265625,1.0,162.0,31104,16172,live,940GZZLUMGT,Moorgate,,,,
8150,2026-08-14T13:35:14.000+01:00,58.4754524230957,75.5324478149414,92.75554656982422,681.0,34.557106018066406,38.19798278808594,35.24528884887695,1015.7885131835938,0.1544189453125,1.0,156.0,31123,16164,live,940GZZLUMGT,Moorgate,,,,
8151,2026-08-14T13:35:23.000+01:00,58.10858917236328,74.68733978271484,91.33560180664062,677.0,34.482337951660156,38.198265075683594,35.2529182434082,1015.7952880859375,0.0677490234375,1.0,143.0,31154,16141,live,940GZZLUMGT,Moorgate,,,,
8152,2026-08-14T13:35:33.000+01:00,60.095943450927734,77.73764038085938,95.5788803100586,662.0,34.338138580322266,38.169342041015625,35.23918533325195,1015.812255859375,0.169677734375,1.0,120.0,31153,16142,live,940GZZLUMGT,Moorgate,,,,
8153,2026-08-14T13:35:44.000+01:00,60.462608337402344,77.68901824951172,94.98155212402344,657.0,34.199283599853516,38.11036682128906,35.3017463684082,1015.8906860351562,0.7843017578125,1.0,100.0,31241,16134,live,940GZZLUMGT,Moorgate,,,,
8154,2026-08-14T13:35:53.000+01:00,60.654510498046875,76.91606903076172,92.98147583007812,634.0,34.08445739746094,38.077186584472656,35.3017463684082,1015.8719482421875,0.1873779296875,1.0,85.0,31245,16123,live,940GZZLUMGT,Moorgate,,,,
8155,2026-08-14T13:36:04.000+01:00,61.34489822387695,77.20638275146484,92.71884155273438,626.0,34.09513854980469,38.078887939453125,35.21782302856445,1015.9035034179688,0.3155517578125,1.0,76.0,31236,16109,live,940GZZLUMGT,Moorgate,,,,
8156,2026-08-14T13:36:14.000+01:00,63.73161315917969,79.75483703613281,95.29823303222656,619.0,34.14053726196289,38.06726837158203,35.10337829589844,1015.9071044921875,0.0360107421875,1.0,71.0,31232,16113,live,940GZZLUMGT,Moorgate,,,,
8157,2026-08-14T13:36:23.000+01:00,64.82366180419922,80.86646270751953,96.35556030273438,611.0,34.13786697387695,38.04316711425781,35.10795593261719,1015.8453979492188,0.6170654296875,1.0,67.0,31248,16106,live,940GZZLUMGT,Moorgate,,,,
8158,2026-08-14T13:36:33.000+01:00,64.46405029296875,80.55381774902344,96.12799072265625,605.0,34.15388870239258,38.02275085449219,35.09880065917969,1015.7650756835938,0.80322265625,1.0,63.0,31269,16109,live,940GZZLUMGT,Moorgate,,,,
8159,2026-08-14T13:36:44.000+01:00,63.44203186035156,79.76370239257812,95.70331573486328,603.0,34.18326187133789,38.00233459472656,35.04081726074219,1015.7288208007812,0.362548828125,1.0,61.0,31262,16116,live,,,,,,
8160,2026-08-14T13:36:54.000+01:00,30.453922271728516,37.43451690673828,44.01178741455078,599.0,34.21797561645508,37.984474182128906,34.77225875854492,1015.7139282226562,0.14892578125,1.0,118.0,30642,16114,live,,,,,,
8161,2026-08-14T13:37:03.000+01:00,25.491455078125,30.598039627075195,35.177406311035156,603.0,34.25802993774414,37.980499267578125,34.32669448852539,1016.0673217773438,3.533935546875,1.0,216.0,30523,16102,live,,,,,,
8162,2026-08-14T13:37:14.000+01:00,30.435510635375977,36.05887985229492,40.93084716796875,623.0,34.26604080200195,37.96490478515625,33.83993148803711,1016.177490234375,1.1016845703125,1.0,303.0,30298,16080,live,,,,,,
8163,2026-08-14T13:37:23.000+01:00,32.327754974365234,37.85847854614258,42.47721862792969,653.0,34.3194465637207,37.96064758300781,33.487449645996094,1016.1143188476562,0.6317138671875,1.0,359.0,30316,16047,live,,,,,,
8164,2026-08-14T13:37:33.000+01:00,32.60009002685547,37.8043098449707,41.99281311035156,678.0,34.3408088684082,37.96434020996094,33.35469436645508,1015.8687744140625,2.4554443359375,1.0,392.0,30328,16037,live,,,,,,
8165,2026-08-14T13:37:44.000+01:00,31.67194175720215,36.456932067871094,40.18534469604492,713.0,34.35683059692383,37.962921142578125,33.27992630004883,1015.6110229492188,2.5775146484375,1.0,411.0,30285,16026,live,940GZZLUMGT,Moorgate,,,,
8167,2026-08-14T13:38:04.000+01:00,31.491121292114258,35.751407623291016,38.83309555053711,751.0,34.38353729248047,37.95867156982422,33.30739212036133,1016.2578735351562,6.468505859375,1.0,431.0,30246,16019,live,,,,,,
8168,2026-08-14T13:38:14.000+01:00,29.858142852783203,33.87933349609375,36.77836608886719,771.0,34.410240173339844,37.95838165283203,33.479820251464844,1016.2291259765625,0.2874755859375,1.0,436.0,30224,16018,live,,,,,,
8169,2026-08-14T13:38:23.000+01:00,30.466453552246094,34.547996520996094,37.47895431518555,784.0,34.428932189941406,37.96546936035156,33.70260238647461,1015.8633422851562,3.6578369140625,1.0,438.0,30218,16035,live,,,,,,
8170,2026-08-14T13:38:33.000+01:00,37.259639739990234,42.32078552246094,45.992698669433594,796.0,34.43427276611328,37.95781707763672,33.86739730834961,1015.8839111328125,0.2056884765625,1.0,429.0,30366,16037,live,940GZZLULVT,Liverpool Street,,,,
8171,2026-08-14T13:38:43.000+01:00,39.33991622924805,45.195106506347656,49.715179443359375,805.0,34.428932189941406,37.897132873535156,34.056610107421875,1015.8889770507812,0.0506591796875,1.0,383.0,30753,16054,live,940GZZLULVT,Liverpool Street,,,,
8172,2026-08-14T13:38:54.000+01:00,37.42829132080078,43.321414947509766,48.027320861816406,805.0,34.418251037597656,37.87303924560547,34.21530532836914,1015.8892822265625,0.0030517578125,1.0,307.0,30933,16071,live,940GZZLULVT,Liverpool Street,,,,
8173,2026-08-14T13:39:03.000+01:00,34.8527946472168,40.40641403198242,44.87149429321289,802.0,34.43427276611328,37.86708068847656,34.32364273071289,1015.8825073242188,0.0677490234375,1.0,253.0,30899,16075,live,940GZZLULVT,Liverpool Street,,,,
8174,2026-08-14T13:39:14.000+01:00,34.513694763183594,39.993465423583984,44.39019012451172,794.0,34.42626190185547,37.880126953125,34.456398010253906,1015.88671875,0.0421142578125,1.0,215.0,30951,16072,live,940GZZLULVT,Liverpool Street,,,,
8175,2026-08-14T13:39:24.000+01:00,36.769737243652344,42.59946823120117,47.27324295043945,775.0,34.44495391845703,37.87785339355469,34.64713668823242,1015.892822265625,0.06103515625,1.0,203.0,30969,16089,live,940GZZLULVT,Liverpool Street,,,,
8176,2026-08-14T13:39:33.000+01:00,37.06241989135742,42.99433517456055,47.775447845458984,762.0,34.42626190185547,37.882110595703125,34.63645553588867,1015.9179077148438,0.2508544921875,1.0,194.0,31022,16101,live,940GZZLULVT,Liverpool Street,,,,
8177,2026-08-14T13:39:43.000+01:00,37.357173919677734,43.39094161987305,48.27882385253906,750.0,34.420921325683594,37.85743713378906,34.569313049316406,1015.9132080078125,0.0469970703125,1.0,165.0,31088,16107,live,940GZZLULVT,Liverpool Street,,,,
8178,2026-08-14T13:39:54.000+01:00,37.50182342529297,43.57252502441406,48.49640655517578,738.0,34.407569885253906,37.82965087890625,34.486915588378906,1015.8966674804688,0.1654052734375,1.0,138.0,31132,16112,live,940GZZLULVT,Liverpool Street,,,,
8179,2026-08-14T13:40:04.000+01:00,38.02600860595703,43.96793746948242,48.6920280456543,720.0,34.410240173339844,37.82142639160156,34.34805679321289,1015.9058837890625,0.0921630859375,1.0,118.0,31175,16103,live,940GZZLULVT,Liverpool Street,,,,
8180,2026-08-14T13:40:14.000+01:00,38.65620040893555,44.74979019165039,49.61906051635742,706.0,34.428932189941406,37.821998596191406,34.27786636352539,1015.9031372070312,0.0274658203125,1.0,105.0,31157,16106,live,,,,,51.51731933902354,-0.08288916723455862
